Breeding line,Yield
MASBC10038S_1001U_1,3.26
MASBC10056S_3001_1,3.71
MASBC10056S_3003_1,4.97
MASBC10056S_3004U_1,3.78
MASBC10056S_3005_1,2.59
MASBC10056S_3006_1,3.34
MASBC10056S_3007_1,3.71
MASBC10056S_3008_1,3.85
MASBC10063S_5001U_1,4.3
MASBC10063S_5003U_1,4.3
MASBC10063S_5004_1,3.71
MASBC10063S_5005U_1,3.26
MASBC10063S_5006U_1,3.56
MASBC10063S_5007U_1,4.15
MASBC10063S_5008U_1,4.6
MASBC10063S_5009U_1,4.74
MASBC10065S_3001_1,4.67
MASBC10066S_4001U_1,3.85
SWW11019B001U_1,3.48
SWW11035B001_1,2.37
SWW11035B003_1,2.45
SWW11035B004_1,3.26
SWW11036B001_1,3.19
SWW11041B001U_1,3.71
SWW11041B003_1,3.34
SWW11041B004U_1,2.59
SWW11049B001_1,2
SWW11058B001E_1,4.3
SWW11058B003_1,2
SWW11061B001U_1,2.59
SWW11081B001_1,2.89
SWW11085B001_1,2.67
SWW11085B003E_1,4.23
SWW11085B004_1,5.04
SWW11085B005_1,3.26
SWW11088B001_1,2.59
SWW11091B001_1,3.78
SWW11091B003E_1,3.93
SWW11103B001R_1,4.3
SWW11108B001_1,2.97
SWW11108B003_1,4
SWW11110B001_1,3.19
SWW11144B001_1,2.89
SWW11163B001_1,2.52
SWW11181B001U_1,4.67
SWW11183B001_1,2.82
SWW11183B003U_1,3.56
SWW11190B001E_1,4
SWW11307B001_1,3.41
SWW11316B001E_1,4.15
SWW11317B001U_1,4.6
SWW11317B003_1,4.6
SWW11317B004U_1,3.63
SWW11317B005U_1,3.78
SWW11317B006_1,4.15
SWW11317B007U_1,4.45
SWW11317B008U_1,3.41
SWW11318B001_1,2.97
SWW11318B003_1,1.19
SWW11333B001U_1,4.52
SWW11348B001U_1,4.89
SWW14007DH1_2,2.96
SWW14007DH10_2,5.92
SWW14007DH13_2,4.71
SWW14007DH15_2,5.85
SWW14007DH16_2,5.18
SWW14007DH17_2,4.51
SWW14007DH18_2,6.32
SWW14007DH19_2,4.98
SWW14007DH2_2,4.77
SWW14007DH20_2,3.97
SWW14007DH21_2,4.1
SWW14007DH22_2,3.5
SWW14007DH23_2,5.38
SWW14007DH24_2,4.17
SWW14007DH25_2,3.03
SWW14007DH26_2,3.77
SWW14007DH27_2,4.37
SWW14007DH28_2,2.62
SWW14007DH29_2,5.25
SWW14007DH3_2,4.84
SWW14007DH30_2,5.25
SWW14007DH31_2,4.77
SWW14007DH32_2,3.9
SWW14007DH33_2,5.11
SWW14007DH34_2,3.97
SWW14007DH35_2,5.92
SWW14007DH36_2,5.25
SWW14007DH37_2,3.23
SWW14007DH38_2,4.71
SWW14007DH39_2,3.63
SWW14007DH4_2,4.17
SWW14007DH40_2,6.19
SWW14007DH41_2,4.77
SWW14007DH5_2,4.71
SWW14007DH6_2,4.51
SWW14007DH7_2,5.11
SWW14007DH8_2,5.11
SWW14007DH9_2,5.18
SWW14008DH1_2,6.52
SWW14008DH10_2,5.58
SWW14008DH2_2,5.85
SWW14008DH3_2,6.32
SWW14008DH4_2,6.32
SWW14008DH5_2,5.25
SWW14008DH6_2,5.92
SWW14008DH7_2,4.84
SWW14008DH8_2,5.92
SWW14008DH9_2,5.65
SWW14019DH1_2,3.77
SWW14019DH2_2,4.77
SWW14046DH1_2,6.46
SWW14046DH10_2,5.92
SWW14046DH11_2,5.99
SWW14046DH12_2,5.31
SWW14046DH14_2,6.12
SWW14046DH15_2,6.05
SWW14046DH16_2,5.78
SWW14046DH17_2,6.66
SWW14046DH2_2,5.99
SWW14046DH3_2,5.31
SWW14046DH4_2,6.19
SWW14046DH5_2,5.99
SWW14046DH6_2,5.72
SWW14046DH8_2,5.04
SWW14046DH9_2,6.66
SWW14062DH1_2,6.93
SWW14062DH10_2,4.04
SWW14062DH11_2,3.63
SWW14062DH12_2,4.24
SWW14062DH13_2,2.49
SWW14062DH14_2,2.15
SWW14062DH15_2,3.3
SWW14062DH16_2,1.75
SWW14062DH17_2,2.42
SWW14062DH18_2,3.5
SWW14062DH19_2,3.83
SWW14062DH2_2,5.65
SWW14062DH20_2,4.77
SWW14062DH21_2,5.45
SWW14062DH22_2,5.85
SWW14062DH23_2,5.99
SWW14062DH24_2,6.66
SWW14062DH25_2,6.99
SWW14062DH26_2,4.84
SWW14062DH27_2,5.92
SWW14062DH28_2,6.05
SWW14062DH29_2,5.72
SWW14062DH30_2,6.32
SWW14062DH31_2,5.65
SWW14062DH4_2,4.77
SWW14062DH5_2,5.38
SWW14062DH6_2,4.77
SWW14062DH8_2,4.51
SWW14062DH9_2,3.83
SWW14063DH1_2,5.72
SWW14063DH10_2,5.38
SWW14063DH11_2,5.51
SWW14063DH12_2,5.11
SWW14063DH13_2,6.12
SWW14063DH14_2,6.12
SWW14063DH2_2,5.85
SWW14063DH3_2,6.73
SWW14063DH4_2,6.39
SWW14063DH5_2,4.84
SWW14063DH6_2,6.19
SWW14063DH7_2,6.12
SWW14063DH8_2,5.72
SWW14063DH9_2,5.99
SWW14064DH1_2,4.57
SWW14064DH2_2,6.25
SWW14064DH3_2,6.73
SWW14064DH4_2,5.58
SWW14064DH5_2,6.73
SWW14087DH1_2,5.25
SWW14087DH10_2,1.88
SWW14087DH11_2,1.68
SWW14087DH12_2,1.28
SWW14087DH13_2,2.08
SWW14087DH14_2,1.21
SWW14087DH15_2,0.67
SWW14087DH16_2,2.49
SWW14087DH17_2,0.54
SWW14087DH18_2,1.14
SWW14087DH19_2,3.16
SWW14087DH2_2,5.51
SWW14087DH21_2,2.29
SWW14087DH22_2,2.76
SWW14087DH23_2,2.69
SWW14087DH24_2,4.91
SWW14087DH26_2,5.38
SWW14087DH27_2,4.1
SWW14087DH28_2,5.45
SWW14087DH29_2,5.78
SWW14087DH3_2,5.92
SWW14087DH30_2,5.18
SWW14087DH31_2,6.39
SWW14087DH33_2,5.31
SWW14087DH34_2,5.31
SWW14087DH36_2,6.66
SWW14087DH37_2,6.05
SWW14087DH38_2,5.99
SWW14087DH39_2,5.51
SWW14087DH41_2,6.32
SWW14087DH42_2,6.32
SWW14087DH43_2,4.91
SWW14087DH44_2,5.45
SWW14087DH45_2,5.31
SWW14087DH46_2,4.64
SWW14087DH47_2,5.25
SWW14087DH48_2,3.3
SWW14087DH49_2,3.5
SWW14087DH5_2,5.65
SWW14087DH50_2,4.3
SWW14087DH51_2,5.25
SWW14087DH52_2,5.04
SWW14087DH54_2,5.92
SWW14087DH55_2,6.12
SWW14087DH56_2,5.78
SWW14087DH58_2,4.51
SWW14087DH59_2,5.38
SWW14087DH6_2,5.92
SWW14087DH61_2,3.5
SWW14087DH62_2,4.84
SWW14087DH7_2,2.29
SWW14087DH8_2,4.64
SWW14087DH9_2,3.3
SWW14111DH1_2,4.71
SWW14111DH11_2,0.94
SWW14111DH12_2,1.61
SWW14111DH13_2,3.77
SWW14111DH15_2,0.27
SWW14111DH16_2,2.29
SWW14111DH17_2,4.04
SWW14111DH18_2,3.03
SWW14111DH19_2,2.29
SWW14111DH2_2,0.87
SWW14111DH20_2,1.95
SWW14111DH21_2,2.15
SWW14111DH22_2,0.61
SWW14111DH24_2,2.42
SWW14111DH25_2,6.73
SWW14111DH26_2,4.51
SWW14111DH29_2,6.73
SWW14111DH3_2,1.08
SWW14111DH30_2,5.38
SWW14111DH31_2,6.86
SWW14111DH32_2,6.32
SWW14111DH35_2,6.46
SWW14111DH36_2,5.92
SWW14111DH37_2,6.73
SWW14111DH38_2,3.83
SWW14111DH39_2,5.38
SWW14111DH4_2,1.48
SWW14111DH41_2,4.17
SWW14111DH42_2,6.32
SWW14111DH43_2,6.32
SWW14111DH44_2,6.05
SWW14111DH45_2,5.31
SWW14111DH47_2,6.19
SWW14111DH48_2,5.31
SWW14111DH49_2,5.31
SWW14111DH5_2,0.67
SWW14111DH50_2,5.25
SWW14111DH53_2,5.38
SWW14111DH54_2,4.51
SWW14111DH55_2,3.7
SWW14111DH56_2,4.1
SWW14111DH57_2,3.56
SWW14111DH58_2,5.85
SWW14111DH6_2,1.35
SWW14112DH1_2,4.98
SWW14112DH10_2,1.48
SWW14112DH12_2,1.41
SWW14112DH14_2,3.3
SWW14112DH15_2,3.3
SWW14112DH16_2,3.23
SWW14112DH17_2,0.61
SWW14112DH18_2,1.82
SWW14112DH2_2,5.18
SWW14112DH20_2,2.89
SWW14112DH21_2,3.09
SWW14112DH22_2,3.3
SWW14112DH24_2,3.83
SWW14112DH25_2,4.17
SWW14112DH27_2,1.55
SWW14112DH28_2,3.5
SWW14112DH29_2,0.4
SWW14112DH3_2,4.84
SWW14112DH30_2,3.77
SWW14112DH31_2,2.02
SWW14112DH32_2,3.63
SWW14112DH33_2,3.56
SWW14112DH36_2,4.84
SWW14112DH37_2,4.77
SWW14112DH38_2,4.91
SWW14112DH39_2,4.37
SWW14112DH4_2,3.16
SWW14112DH42_2,3.97
SWW14112DH43_2,5.11
SWW14112DH44_2,5.38
SWW14112DH48_2,6.59
SWW14112DH49_2,6.12
SWW14112DH5_2,4.77
SWW14112DH51_2,4.44
SWW14112DH52_2,4.37
SWW14112DH53_2,5.92
SWW14112DH54_2,5.65
SWW14112DH56_2,3.9
SWW14112DH57_2,3.97
SWW14112DH58_2,6.19
SWW14112DH59_2,6.46
SWW14112DH60_2,5.92
SWW14112DH61_2,7.13
SWW14112DH62_2,5.85
SWW14112DH63_2,3.83
SWW14112DH65_2,5.72
SWW14112DH66_2,5.72
SWW14112DH67_2,5.04
SWW14112DH68_2,5.51
SWW14112DH69_2,5.45
SWW14112DH70_2,5.18
SWW14112DH71_2,4.17
SWW14112DH72_2,5.31
SWW14112DH73_2,5.18
SWW14112DH75_2,0.81
SWW14112DH76_2,2.69
SWW14112DH77_2,2.49
SWW14112DH9_2,3.56
SWW14132DH1_2,2.56
SWW14132DH11_2,2.62
SWW14132DH12_2,4.17
SWW14132DH13_2,1.55
SWW14132DH14_2,3.77
SWW14132DH15_2,3.36
SWW14132DH16_2,2.82
SWW14132DH17_2,2.22
SWW14132DH18_2,3.23
SWW14132DH19_2,3.9
SWW14132DH2_2,3.23
SWW14132DH20_2,3.09
SWW14132DH24_2,5.18
SWW14132DH25_2,3.83
SWW14132DH26_2,4.77
SWW14132DH28_2,4.1
SWW14132DH29_2,4.44
SWW14132DH3_2,3.77
SWW14132DH30_2,4.57
SWW14132DH31_2,5.11
SWW14132DH32_2,4.84
SWW14132DH35_2,5.45
SWW14132DH36_2,5.25
SWW14132DH37_2,5.45
SWW14132DH38_2,4.24
SWW14132DH4_2,0.4
SWW14132DH40_2,4.84
SWW14132DH41_2,4.04
SWW14132DH42_2,4.1
SWW14132DH44_2,2.96
SWW14132DH46_2,1.88
SWW14132DH47_2,3.23
SWW14132DH48_2,2.08
SWW14132DH6_2,3.97
SWW14132DH7_2,3.77
SWW14132DH8_2,5.25
SWW14132DH9_2,3.97
SWW14133DH1_2,5.58
SWW14133DH2_2,4.17
SWW14133DH3_2,5.31
SWW14133DH4_2,4.98
SWW14133DH5_2,4.37
SWW14133DH6_2,3.83
SWW14133DH7_2,5.78
SWW14133DH8_2,3.16
SWW14137DH1_2,3.03
SWW14137DH2_2,3.16
SWW14137DH3_2,2.56
SWW14138DH10_2,1.75
SWW14138DH100_2,5.51
SWW14138DH101_2,5.31
SWW14138DH102_2,6.59
SWW14138DH105_2,5.92
SWW14138DH11_2,2.15
SWW14138DH12_2,5.38
SWW14138DH13_2,4.3
SWW14138DH15_2,2.15
SWW14138DH16_2,2.62
SWW14138DH17_2,3.7
SWW14138DH18_2,1.95
SWW14138DH19_2,2.89
SWW14138DH20_2,3.43
SWW14138DH21_2,4.37
SWW14138DH22_2,4.51
SWW14138DH23_2,6.32
SWW14138DH24_2,7.73
SWW14138DH25_2,5.18
SWW14138DH27_2,4.51
SWW14138DH28_2,5.72
SWW14138DH3_2,1.88
SWW14138DH31_2,6.39
SWW14138DH32_2,6.46
SWW14138DH33_2,5.45
SWW14138DH35_2,5.31
SWW14138DH36_2,7.06
SWW14138DH37_2,4.84
SWW14138DH38_2,4.84
SWW14138DH4_2,2.69
SWW14138DH40_2,4.04
SWW14138DH41_2,4.51
SWW14138DH42_2,6.39
SWW14138DH43_2,2.96
SWW14138DH44_2,4.04
SWW14138DH45_2,4.91
SWW14138DH46_2,5.51
SWW14138DH48_2,5.18
SWW14138DH49_2,6.12
SWW14138DH5_2,2.56
SWW14138DH50_2,6.59
SWW14138DH54_2,4.51
SWW14138DH55_2,5.99
SWW14138DH56_2,4.24
SWW14138DH59_2,3.97
SWW14138DH6_2,3.03
SWW14138DH61_2,5.11
SWW14138DH62_2,4.37
SWW14138DH63_2,2.76
SWW14138DH64_2,4.84
SWW14138DH66_2,1.55
SWW14138DH67_2,3.36
SWW14138DH68_2,3.56
SWW14138DH69_2,5.25
SWW14138DH7_2,3.36
SWW14138DH70_2,3.63
SWW14138DH71_2,4.37
SWW14138DH72_2,4.04
SWW14138DH75_2,4.98
SWW14138DH76_2,4.77
SWW14138DH78_2,4.24
SWW14138DH79_2,5.11
SWW14138DH8_2,2.56
SWW14138DH80_2,5.31
SWW14138DH81_2,6.86
SWW14138DH82_2,6.73
SWW14138DH84_2,6.05
SWW14138DH85_2,5.78
SWW14138DH86_2,5.99
SWW14138DH87_2,4.71
SWW14138DH88_2,5.65
SWW14138DH89_2,3.97
SWW14138DH9_2,3.43
SWW14138DH92_2,3.97
SWW14138DH93_2,4.51
SWW14138DH94_2,4.71
SWW14138DH96_2,5.51
SWW14138DH98_2,3.7
SWW14138DH99_2,6.19
SWW14144DH1_2,5.31
SWW14144DH10_2,5.78
SWW14144DH11_2,4.71
SWW14144DH13_2,4.91
SWW14144DH14_2,4.3
SWW14144DH15_2,4.64
SWW14144DH16_2,4.98
SWW14144DH17_2,5.45
SWW14144DH18_2,3.97
SWW14144DH19_2,5.65
SWW14144DH20_2,4.57
SWW14144DH21_2,5.51
SWW14144DH22_2,5.11
SWW14144DH24_2,4.3
SWW14144DH25_2,4.77
SWW14144DH26_2,4.77
SWW14144DH27_2,4.71
SWW14144DH28_2,4.98
SWW14144DH29_2,4.77
SWW14144DH3_2,4.77
SWW14144DH30_2,4.51
SWW14144DH31_2,5.25
SWW14144DH34_2,3.77
SWW14144DH35_2,4.84
SWW14144DH37_2,3.77
SWW14144DH38_2,3.63
SWW14144DH39_2,4.84
SWW14144DH4_2,4.3
SWW14144DH40_2,4.98
SWW14144DH41_2,4.91
SWW14144DH42_2,5.72
SWW14144DH43_2,5.45
SWW14144DH44_2,4.77
SWW14144DH47_2,5.92
SWW14144DH49_2,5.45
SWW14144DH50_2,6.12
SWW14144DH52_2,5.11
SWW14144DH53_2,6.79
SWW14144DH54_2,6.12
SWW14144DH55_2,6.79
SWW14144DH56_2,6.59
SWW14144DH57_2,5.92
SWW14144DH59_2,5.38
SWW14144DH60_2,4.44
SWW14144DH61_2,4.24
SWW14144DH62_2,4.98
SWW14144DH63_2,5.58
SWW14144DH64_2,6.05
SWW14144DH65_2,7.2
SWW14144DH7_2,4.24
SWW14144DH8_2,5.38
SWW14144DH9_2,4.3
MAS110422001U_3,7.34
MAS110422002U_3,6.3
MAS110422003U_3,7.19
MAS110422004U_3,7.26
MAS110432001U_3,7.12
MAS110432002_3,7.41
MAS110432003UT_3,7.04
MAS110432004T_3,6.52
MAS110432005_3,7.26
MAS110432006U_3,7.26
MAS1104420010T_3,7.78
MAS110442001T_3,7.86
MAS110442002_3,8.6
MAS110442003_3,8.82
MAS110442004_3,8.9
MAS110442005_3,8.01
MAS110442006T_3,7.56
MAS110442007T_3,7.86
MAS110442008T_3,7.12
MAS110442009_3,8.52
MAS110452001_3,7.34
MAS110452002U_3,7.34
MAS110462001_3,7.93
MAS110472001T_3,5.86
MAS110482001U_3,7.04
MAS110482002U_3,6.82
MAS110482003U_3,6.67
MAS110502001U_3,7.26
MAS110502002T_3,3.85
MAS110742001_3,7.56
MAS110772001T_3,9.04
MAS110822001_3,7.86
MAS110822002T_3,8.52
MAS110822003T_3,7.78
MAS110822004_3,8.75
MAS111212001_3,7.78
MAS111212002_3,7.93
MAS111252001U_3,9.19
MAS111252002_3,8.67
MAS111252003_3,8.97
MAS111262001U_3,8.9
MAS111272001_3,7.78
MAS111272002_3,7.04
MAS111272003_3,9.56
MAS111272004U_3,9.41
MAS111272005U_3,8.3
MAS111272006U_3,9.27
MAS111292001_3,10.01
MAS111292002_3,8.38
MAS111292003_3,6.97
MAS111292004_3,8.45
MAS111292005_3,8.08
MAS111292006_3,9.41
MAS111302001_3,9.27
MAS111342001_3,7.78
MAS111342002_3,9.12
MAS111352001_3,9.19
MAS111352002_3,4.89
MAS111362001UT_3,7.12
MAS111362002T_3,9.19
MAS111362003UT_3,8.01
MAS111362004U_3,8.6
MAS111362005_3,8.82
MAS111412001T_3,10.16
MAS111422001U_3,9.04
MAS111422002U_3,9.56
MAS111422003_3,9.79
MAS111422004U_3,8.3
MAS111442001UT_3,8.97
MAS111442002UT_3,8.01
MAS111462001U_3,9.71
MAS111462002U_3,9.04
MAS111462003U_3,9.19
MAS111502001U_3,8.15
MAS111652001_3,8.9
MAS111682001_3,7.86
MAS111692001_3,8.01
MAS111692002_3,7.71
SWW11002B001_3,7.78
SWW11014B001_3,9.64
SWW11015B001_3,9.27
SWW11016B001_3,9.64
SWW11016B002_3,10.16
SWW11017B001_3,10.53
SWW11017B002_3,10.45
SWW11018B001_3,10.01
SWW11018B002_3,11.27
SWW11018B003_3,9.79
SWW11018B004_3,10.08
SWW11020B001_3,10.53
SWW11020B002_3,9.93
SWW11020B003_3,9.86
SWW11020B004_3,9.27
SWW11021B001_3,8.67
SWW11025B001_3,6.45
SWW11025B002_3,10.16
SWW11025B003_3,10.97
SWW11025B004_3,7.86
SWW11026B001_3,8.01
SWW11026B002_3,8.01
SWW11027B001_3,10.38
SWW11027B002_3,7.86
SWW11027B003_3,9.64
SWW11027B004_3,10.16
SWW11027B005_3,8.82
SWW11027B006_3,10.67
SWW11028B001_3,10.01
SWW11028B002_3,8.38
SWW11028B003_3,9.41
SWW11028B004_3,8.6
SWW11028B005T_3,8.23
SWW11039B001U_3,8.9
SWW11039B002U_3,9.34
SWW11039B003_3,8.97
SWW11039B004U_3,9.86
SWW11039B005U_3,8.82
SWW11040B001_3,8.82
SWW11040B0010_3,8.75
SWW11040B0011U_3,7.26
SWW11040B0012_3,9.12
SWW11040B0013_3,8.52
SWW11040B0014_3,7.93
SWW11040B0015_3,7.49
SWW11040B002_3,8.45
SWW11040B003_3,8.38
SWW11040B004_3,9.19
SWW11040B005U_3,9.04
SWW11040B006U_3,8.23
SWW11040B007_3,7.78
SWW11040B008_3,8.45
SWW11040B009_3,8.45
SWW11043B001_3,7.71
SWW11043B002_3,8.01
SWW11043B003U_3,8.38
SWW11043B004U_3,7.71
SWW11043B005_3,8.3
SWW11043B006U_3,7.93
SWW11044B001T_3,8.15
SWW11044B002_3,9.04
SWW11044B003_3,7.04
SWW11047B001U_3,6.3
SWW11047B002_3,9.12
SWW11047B003_3,7.93
SWW11047B005_3,8.75
SWW11050B001U_3,9.71
SWW11050B002_3,9.12
SWW11050B003_3,9.27
SWW11050B004U_3,8.52
SWW11050B005U_3,9.71
SWW11050B006_3,9.12
SWW11050B007U_3,8.3
SWW11051B001_3,8.9
SWW11051B002_3,9.27
SWW11051B003_3,7.12
SWW11051B004_3,10.9
SWW11051B005U_3,8.67
SWW11051B006_3,9.86
SWW11053B001_3,9.56
SWW11053B002_3,7.71
SWW11053B003_3,8.23
SWW11053B004_3,8.08
SWW11053B005_3,8.23
SWW11054B001U_3,6.89
SWW11055B001_3,7.78
SWW11055B002_3,9.12
SWW11055B003T_3,8.23
SWW11055B004U_3,9.19
SWW11057B001_3,8.67
SWW11059B001_3,8.97
SWW11059B002U_3,9.19
SWW11059B003_3,10.08
SWW11059B004U_3,8.75
SWW11059B005U_3,10.08
SWW11059B006U_3,9.04
SWW11059B007U_3,10.08
SWW11062B001U_3,8.08
SWW11062B002U_3,8.9
SWW11062B003_3,8.08
SWW11062B004U_3,8.9
SWW11062B005_3,8.75
SWW11062B006_3,9.27
SWW11062B007_3,8.6
SWW11062B008U_3,8.38
SWW11062B009U_3,8.23
SWW11066B001_3,7.86
SWW11066B002_3,8.01
SWW11066B003_3,8.15
SWW11066B004_3,7.86
SWW11066B005_3,8.3
SWW11066B006_3,8.67
SWW11066B007_3,8.38
SWW11066B008_3,6.67
SWW11068B001_3,8.67
SWW11068B002_3,9.27
SWW11068B003_3,7.86
SWW11070B001_3,9.04
SWW11070B002_3,7.86
SWW11070B003_3,9.19
SWW11071B001_3,8.15
SWW11071B002_3,9.34
SWW11071B003_3,8.75
SWW11071B004_3,8.9
SWW11071B005_3,8.23
SWW11071B006_3,8.08
SWW11075B001_3,7.71
SWW11075B002T_3,9.86
SWW11075B003_3,8.01
SWW11075B004_3,9.93
SWW11075B005_3,8.6
SWW11076B001U_3,10.23
SWW11076B002_3,8.52
SWW11076B003_3,11.05
SWW11076B004_3,10.38
SWW11076B005_3,10.9
SWW11076B006_3,9.56
SWW11076B007_3,10.08
SWW11076B008_3,10.53
SWW11077B001_3,9.56
SWW11077B002_3,10.97
SWW11077B003_3,8.6
SWW11077B004_3,9.19
SWW11077B005_3,9.56
SWW11077B006U_3,8.45
SWW11078B001_3,8.01
SWW11078B002_3,4.89
SWW11078B003_3,9.12
SWW11079B001_3,8.82
SWW11079B002_3,9.41
SWW11079B003_3,8.75
SWW11079B004_3,8.67
SWW11079B005_3,9.04
SWW11079B006_3,9.93
SWW11079B007_3,8.6
SWW11079B008_3,8.97
SWW11079B009_3,7.93
SWW11080B001_3,8.38
SWW11080B002_3,7.49
SWW11080B003_3,7.78
SWW11080B004_3,9.04
SWW11082B001T_3,8.75
SWW11083B001_3,7.41
SWW11083B002_3,8.6
SWW11083B003T_3,9.12
SWW11083B004_3,7.56
SWW11084B001_3,8.6
SWW11084B002T_3,9.34
SWW11084B003_3,8.67
SWW11084B004_3,8.75
SWW11084B005_3,9.12
SWW11084B006_3,9.04
SWW11084B007_3,8.38
SWW11084B008T_3,9.64
SWW11087B001_3,9.19
SWW11087B002_3,9.79
SWW11087B003_3,9.79
SWW11090B001_3,7.56
SWW11090B002_3,7.86
SWW11090B003_3,9.34
SWW11090B004_3,6.97
SWW11090B005_3,8.9
SWW11094B001_3,9.71
SWW11094B002_3,9.19
SWW11094B003_3,10.16
SWW11094B004_3,9.71
SWW11094B005_3,10.6
SWW11094B006_3,9.86
SWW11095B001_3,9.93
SWW11095B002_3,9.86
SWW11098B001_3,10.23
SWW11098B002U_3,9.19
SWW11099B001_3,8.9
SWW11099B002_3,8.52
SWW11099B003_3,9.71
SWW11099B004_3,9.64
SWW11099B005_3,9.04
SWW11102B001_3,10.08
SWW11104B001_3,11.05
SWW11104B002_3,9.12
SWW11104B003_3,10.45
SWW11107B001_3,8.97
SWW11107B002_3,8.38
SWW11107B003_3,8.82
SWW11112B001_3,9.04
SWW11112B002_3,9.27
SWW11112B003_3,9.71
SWW11112B004_3,9.79
SWW11112B005_3,9.27
SWW11112B006_3,9.71
SWW11112B007_3,10.01
SWW11113B001_3,8.38
SWW11113B002_3,9.71
SWW11113B003_3,9.86
SWW11113B004_3,9.49
SWW11113B005_3,8.52
SWW11113B006_3,7.49
SWW11113B007_3,8.52
SWW11113B008_3,7.86
SWW11115B001U_3,7.49
SWW11115B002_3,8.15
SWW11115B003_3,7.34
SWW11116B001_3,8.15
SWW11116B002_3,8.67
SWW11116B003_3,7.64
SWW11117B001_3,7.93
SWW11117B002_3,10.16
SWW11117B003_3,9.12
SWW11117B004_3,8.97
SWW11117B005_3,9.19
SWW11117B006_3,10.45
SWW11117B007_3,10.67
SWW11117B008_3,7.93
SWW11117B009_3,8.75
SWW11118B001_3,7.12
SWW11118B002_3,7.64
SWW11118B003_3,6.6
SWW11118B004_3,8.01
SWW11120B001_3,8.3
SWW11120B0010_3,9.41
SWW11120B0011_3,7.86
SWW11120B002_3,8.01
SWW11120B003U_3,7.64
SWW11120B004_3,7.34
SWW11120B005_3,9.04
SWW11120B006_3,8.45
SWW11120B007_3,8.3
SWW11120B008_3,7.26
SWW11120B009_3,8.3
SWW11123B001_3,9.04
SWW11123B002_3,8.6
SWW11123B003_3,9.49
SWW11123B004_3,8.52
SWW11127B001_3,5.78
SWW11127B002_3,7.78
SWW11127B003_3,9.49
SWW11127B004T_3,9.86
SWW11127B005T_3,8.52
SWW111281SSD111U_3,8.01
SWW111281SSD112_3,8.75
SWW111281SSD113_3,7.86
SWW111281SSD114_3,6.82
SWW111281SSD115_3,8.9
SWW111281SSD116_3,8.52
SWW111281SSD117U_3,8.6
SWW11130B001T_3,8.08
SWW11131B001T_3,9.86
SWW11131B002_3,8.15
SWW11131B003_3,8.67
SWW11131B004_3,7.41
SWW11131B005_3,9.34
SWW11131B006_3,7.34
SWW11131B007_3,7.19
SWW11131B008T_3,7.04
SWW11137B001_3,9.04
SWW11137B002_3,8.6
SWW11137B003U_3,9.27
SWW11137B004_3,8.23
SWW11137B005T_3,8.3
SWW11137B006U_3,8.23
SWW11138B001_3,7.19
SWW11138B002U_3,8.67
SWW11138B003_3,8.3
SWW11138B004_3,8.9
SWW11138B005_3,9.49
SWW11138B006_3,8.82
SWW11138B007_3,8.82
SWW11139B001_3,8.3
SWW11139B002_3,8.23
SWW11139B003_3,7.41
SWW11139B004_3,7.49
SWW11139B005_3,7.26
SWW11139B006_3,7.71
SWW11139B008U_3,7.26
SWW11139B009_3,7.93
SWW11140B001_3,8.82
SWW11140B002_3,9.49
SWW11140B003_3,10.01
SWW11140B004_3,9.56
SWW11140B005_3,9.86
SWW11140B006_3,9.56
SWW11140B007_3,10.08
SWW11140B008_3,9.71
SWW11142B001T_3,10.23
SWW11142B002_3,9.19
SWW11142B003_3,10.38
SWW11142B004U_3,9.86
SWW11142B005_3,11.05
SWW11143B001U_3,9.56
SWW11143B002U_3,8.97
SWW11143B003U_3,10.38
SWW11143B004_3,10.97
SWW11143B005_3,10.3
SWW11145B001_3,9.86
SWW11145B002U_3,10.53
SWW11145B003_3,10.08
SWW11146B001_3,9.93
SWW11146B002_3,10.16
SWW11154B001_3,8.08
SWW11155B001_3,6.6
SWW11155B002_3,7.26
SWW11155B003_3,8.38
SWW11155B004_3,9.19
SWW11157B001T_3,9.04
SWW11157B002T_3,9.93
SWW11157B003_3,9.56
SWW11157B004_3,8.38
SWW11157B005_3,8.6
SWW11158B001T_3,9.04
SWW11158B002_3,7.93
SWW11158B003_3,8.3
SWW11159B001_3,7.64
SWW11159B002_3,7.78
SWW11159B003U_3,7.41
SWW11166B001U_3,9.41
SWW11166B002U_3,7.93
SWW11166B003_3,8.75
SWW11166B004_3,8.45
SWW11166B005_3,8.82
SWW11166B006_3,9.41
SWW11166B007_3,8.9
SWW11166B008_3,8.67
SWW11166B009_3,8.3
SWW11184B001_3,8.3
SWW11184B002_3,7.71
SWW11184B003_3,7.34
SWW11184B004_3,6.82
SWW11184B005_3,6.67
SWW11187B001_3,7.12
SWW11187B002_3,8.38
SWW11187B003_3,8.23
SWW11188B001_3,7.19
SWW11188B002U_3,8.9
SWW11188B003_3,8.01
SWW11191B001UT_3,7.56
SWW11191B002U_3,6.75
SWW11191B003_3,7.64
SWW11191B004U_3,7.86
SWW11191B005_3,8.08
SWW11192B0010_3,8.52
SWW11192B0011_3,9.71
SWW11192B0012_3,5.34
SWW11192B0013_3,10.75
SWW11192B001U_3,7.56
SWW11192B002_3,7.19
SWW11192B003_3,8.08
SWW11192B004_3,8.3
SWW11192B005_3,8.75
SWW11192B006_3,8.45
SWW11192B007_3,8.6
SWW11192B008_3,8.23
SWW11192B009U_3,8.01
SWW11195B001_3,8.52
SWW11195B002_3,8.45
SWW11196B001_3,10.23
SWW11197B001_3,9.19
SWW11199B001U_3,9.49
SWW11205B001_3,9.19
SWW11205B002_3,8.97
SWW11214B001_3,10.08
SWW11214B002_3,9.49
SWW11214B003U_3,9.64
SWW11214B004U_3,10.01
SWW11214B005U_3,9.86
SWW11214B006_3,10.38
SWW11214B007_3,10.01
SWW11221B001_3,8.38
SWW11221B002_3,9.19
SWW11221B003U_3,8.08
SWW11221B004_3,8.97
SWW11221B005_3,9.49
SWW11221B006_3,8.15
SWW11222B001_3,8.15
SWW11222B002U_3,7.93
SWW11222B003UT_3,9.19
SWW11222B004_3,7.78
SWW11225B001_3,9.04
SWW11225B002_3,9.41
SWW11227B001_3,8.97
SWW11227B002T_3,9.71
SWW11227B003T_3,10.08
SWW11227B004_3,8.75
SWW11229B001U_3,9.64
SWW11229B002_3,8.9
SWW11229B003T_3,9.04
SWW11229B004T_3,9.27
SWW11229B005_3,7.86
SWW11230B001T_3,8.38
SWW11230B002_3,8.15
SWW11230B003_3,7.41
SWW11230B004_3,8.97
SWW11230B005_3,8.01
SWW11230B006_3,10.23
SWW11230B007_3,8.67
SWW11230B008_3,8.01
SWW11236B001T_3,8.38
SWW11236B002_3,8.97
SWW11236B003T_3,7.64
SWW11268B001_3,7.56
SWW11268B002_3,7.49
SWW11336B001_3,8.6
SWW11349B001_3,7.64
SWW11349B002_3,7.49
SWW14206DH10_4,8.52
SWW14206DH150_4,7.64
SWW14206DH200_4,8.97
SWW14206DH250_4,9.34
SWW14206DH40_4,8.6
SWW14206DH50_4,9.34
SWW14207DH120_4,10.53
SWW14207DH330_4,6.67
SWW14207DH440_4,7.78
SWW14207DH490_4,4.23
SWW14215DH240_4,7.19
SWW14215DH30_4,6.23
SWW14215DH70_4,9.34
SWW14216DH70_4,11.05
SWW14217DH260_4,10.08
SWW14251DH130_4,4.3
SWW14251DH170_4,7.78
SWW14251DH20_4,9.79
SWW14251DH230_4,9.56
SWW14251DH240_4,10.08
SWW14251DH270_4,7.19
SWW14251DH280_4,10.75
SWW14251DH290_4,4.97
SWW14251DH30_4,3.19
SWW14251DH300_4,10.53
SWW14251DH310_4,11.42
SWW14251DH330_4,9.56
SWW14251DH360_4,12.23
SWW14251DH370_4,11.71
SWW14251DH40_4,6.15
SWW14251DH60_4,8.01
SWW14251DH80_4,9.56
SWW14254DH110_4,11.79
SWW14254DH150_4,10.67
SWW14254DH180_4,11.79
SWW14254DH200_4,8.23
SWW14254DH240_4,12.23
SWW14254DH250_4,13.42
SWW14254DH270_4,11.93
SWW14254DH360_4,11.12
SWW14254DH380_4,5.49
SWW14254DH40_4,9.27
SWW14254DH70_4,9.49
SWW14254DH80_4,12.08
SWW14254DH90_4,10.45
SWW14256DH10_4,11.12
SWW14256DH120_4,12.75
SWW14256DH150_4,12.08
SWW14256DH160_4,10.6
SWW14256DH170_4,7.71
SWW14256DH230_4,10.67
SWW14256DH240_4,7.12
SWW14256DH250_4,12.08
SWW14256DH260_4,11.64
SWW14256DH290_4,10.3
SWW14256DH300_4,4.3
SWW14256DH310_4,11.86
SWW14256DH330_4,9.49
SWW14256DH360_4,10.6
SWW14256DH390_4,9.34
SWW14256DH470_4,8.82
SWW14256DH480_4,9.12
SWW14256DH490_4,10.08
SWW14256DH530_4,9.27
SWW14256DH550_4,9.56
SWW14256DH70_4,5.34
SWW14256DH90_4,10.53
SWW14257DH120_4,10.75
SWW14257DH150_4,7.04
SWW14257DH200_4,10.67
SWW14257DH60_4,11.27
SWW14258DH110_4,7.26
SWW14258DH150_4,6.82
SWW14258DH160_4,10.53
SWW14258DH170_4,10.08
SWW14258DH180_4,11.79
SWW14258DH230_4,10.6
SWW14258DH260_4,12.08
SWW14258DH30_4,8.52
SWW14258DH310_4,9.34
SWW14258DH390_4,8.23
SWW14258DH400_4,9.41
SWW14258DH70_4,8.97
SWW14296DH10_4,10.9
SWW14296DH1000_4,9.79
SWW14296DH1060_4,9.93
SWW14296DH110_4,9.49
SWW14296DH120_4,11.64
SWW14296DH130_4,11.42
SWW14296DH140_4,8.23
SWW14296DH150_4,8.82
SWW14296DH160_4,10.6
SWW14296DH170_4,8.9
SWW14296DH190_4,9.71
SWW14296DH20_4,9.12
SWW14296DH200_4,8.67
SWW14296DH210_4,8.23
SWW14296DH220_4,11.05
SWW14296DH230_4,6.75
SWW14296DH240_4,5.93
SWW14296DH270_4,10.82
SWW14296DH30_4,7.19
SWW14296DH320_4,8.45
SWW14296DH330_4,10.75
SWW14296DH360_4,10.82
SWW14296DH390_4,10.67
SWW14296DH40_4,10.97
SWW14296DH400_4,9.49
SWW14296DH420_4,9.79
SWW14296DH430_4,11.12
SWW14296DH440_4,10.01
SWW14296DH450_4,11.12
SWW14296DH460_4,11.34
SWW14296DH470_4,11.56
SWW14296DH490_4,13.27
SWW14296DH50_4,9.71
SWW14296DH500_4,10.82
SWW14296DH510_4,9.27
SWW14296DH520_4,11.42
SWW14296DH530_4,11.64
SWW14296DH540_4,11.27
SWW14296DH550_4,9.79
SWW14296DH560_4,10.97
SWW14296DH580_4,9.64
SWW14296DH590_4,11.56
SWW14296DH60_4,9.86
SWW14296DH600_4,12.68
SWW14296DH630_4,12.97
SWW14296DH650_4,11.56
SWW14296DH660_4,9.79
SWW14296DH670_4,9.49
SWW14296DH680_4,9.56
SWW14296DH70_4,7.26
SWW14296DH710_4,12.53
SWW14296DH720_4,11.19
SWW14296DH730_4,11.05
SWW14296DH750_4,10.9
SWW14296DH760_4,8.38
SWW14296DH770_4,11.71
SWW14296DH780_4,10.75
SWW14296DH790_4,10.9
SWW14296DH800_4,8.67
SWW14296DH820_4,9.71
SWW14296DH830_4,11.56
SWW14296DH840_4,9.27
SWW14296DH850_4,11.34
SWW14296DH860_4,11.86
SWW14296DH870_4,10.82
SWW14296DH880_4,10.38
SWW14296DH890_4,5.49
SWW14296DH90_4,10.9
SWW14296DH900_4,10.45
SWW14296DH920_4,11.42
SWW14296DH930_4,10.01
SWW14296DH940_4,10.38
SWW14296DH950_4,11.64
SWW14296DH960_4,10.01
SWW14299DH100_4,10.45
SWW14299DH1000_4,10.82
SWW14299DH1010_4,10.23
SWW14299DH1020_4,11.56
SWW14299DH1030_4,9.41
SWW14299DH1040_4,6.67
SWW14299DH1050_4,9.41
SWW14299DH1060_4,11.49
SWW14299DH110_4,10.38
SWW14299DH1130_4,10.45
SWW14299DH1140_4,10.45
SWW14299DH1150_4,9.79
SWW14299DH1180_4,7.49
SWW14299DH1190_4,9.34
SWW14299DH120_4,9.79
SWW14299DH1200_4,7.93
SWW14299DH1210_4,9.49
SWW14299DH1230_4,10.16
SWW14299DH1240_4,9.93
SWW14299DH1260_4,5.34
SWW14299DH1270_4,8.97
SWW14299DH1280_4,6.23
SWW14299DH1290_4,10.16
SWW14299DH130_4,10.16
SWW14299DH1300_4,9.86
SWW14299DH1310_4,9.86
SWW14299DH1320_4,11.64
SWW14299DH1330_4,11.12
SWW14299DH1370_4,5.19
SWW14299DH1380_4,9.27
SWW14299DH140_4,10.16
SWW14299DH1410_4,6.75
SWW14299DH1420_4,11.19
SWW14299DH1450_4,6.08
SWW14299DH1490_4,9.79
SWW14299DH150_4,9.86
SWW14299DH1500_4,6.97
SWW14299DH1550_4,9.04
SWW14299DH1560_4,9.12
SWW14299DH1570_4,11.42
SWW14299DH1580_4,9.41
SWW14299DH1590_4,8.75
SWW14299DH160_4,9.19
SWW14299DH1610_4,6.38
SWW14299DH1650_4,7.26
SWW14299DH170_4,7.56
SWW14299DH180_4,6.97
SWW14299DH20_4,8.15
SWW14299DH200_4,6.75
SWW14299DH210_4,11.12
SWW14299DH220_4,9.04
SWW14299DH240_4,10.3
SWW14299DH260_4,10.01
SWW14299DH270_4,9.19
SWW14299DH280_4,11.93
SWW14299DH290_4,9.86
SWW14299DH300_4,9.34
SWW14299DH310_4,10.45
SWW14299DH330_4,8.38
SWW14299DH340_4,9.71
SWW14299DH350_4,7.64
SWW14299DH360_4,10.6
SWW14299DH40_4,8.08
SWW14299DH400_4,9.49
SWW14299DH410_4,9.27
SWW14299DH420_4,10.16
SWW14299DH440_4,9.86
SWW14299DH450_4,11.64
SWW14299DH460_4,5.86
SWW14299DH470_4,9.71
SWW14299DH480_4,9.79
SWW14299DH490_4,10.67
SWW14299DH50_4,9.64
SWW14299DH500_4,11.12
SWW14299DH510_4,7.26
SWW14299DH520_4,9.49
SWW14299DH530_4,9.86
SWW14299DH540_4,11.12
SWW14299DH550_4,11.34
SWW14299DH560_4,10.45
SWW14299DH570_4,9.41
SWW14299DH580_4,12.08
SWW14299DH590_4,8.45
SWW14299DH60_4,7.49
SWW14299DH600_4,12.16
SWW14299DH610_4,7.78
SWW14299DH620_4,10.3
SWW14299DH630_4,9.64
SWW14299DH640_4,9.04
SWW14299DH660_4,11.56
SWW14299DH700_4,11.71
SWW14299DH720_4,11.86
SWW14299DH730_4,11.56
SWW14299DH740_4,11.79
SWW14299DH750_4,10.97
SWW14299DH760_4,4.89
SWW14299DH780_4,10.97
SWW14299DH80_4,9.41
SWW14299DH820_4,8.01
SWW14299DH850_4,9.56
SWW14299DH860_4,9.71
SWW14299DH870_4,7.12
SWW14299DH880_4,6.82
SWW14299DH890_4,6
SWW14299DH90_4,5.56
SWW14299DH900_4,10.6
SWW14299DH910_4,11.42
SWW14299DH920_4,10.01
SWW14299DH930_4,12.45
SWW14299DH950_4,10.9
SWW14299DH960_4,9.64
SWW14299DH970_4,9.71
SWW14300DH10_4,10.45
SWW14300DH30_4,11.56
SWW14303DH10_4,11.64
SWW14303DH170_4,9.04
SWW14303DH210_4,8.08
SWW14303DH240_4,10.75
SWW14303DH260_4,10.38
SWW14303DH330_4,10.3
SWW14303DH50_4,10.45
SWW14303DH70_4,10.16
SWW14303DH80_4,11.05
SWW14306DH1000_4,9.86
SWW14306DH1010_4,10.01
SWW14306DH140_4,11.71
SWW14306DH160_4,11.42
SWW14306DH200_4,10.45
SWW14306DH220_4,10.53
SWW14306DH330_4,10.9
SWW14306DH350_4,10.6
SWW14306DH360_4,10.75
SWW14306DH370_4,10.9
SWW14306DH380_4,10.9
SWW14306DH390_4,10.75
SWW14306DH400_4,10.82
SWW14306DH410_4,10.45
SWW14306DH420_4,10.82
SWW14306DH430_4,10.6
SWW14306DH440_4,10.3
SWW14306DH450_4,10.9
SWW14306DH460_4,11.64
SWW14306DH470_4,11.79
SWW14306DH480_4,11.12
SWW14306DH490_4,12.08
SWW14306DH500_4,10.6
SWW14306DH510_4,10.9
SWW14306DH530_4,12.31
SWW14306DH540_4,10.01
SWW14306DH550_4,10.75
SWW14306DH560_4,11.05
SWW14306DH570_4,10.75
SWW14306DH590_4,11.34
SWW14306DH600_4,11.05
SWW14306DH610_4,10.6
SWW14306DH830_4,11.56
SWW14306DH870_4,10.3
SWW14306DH880_4,10.3
SWW14306DH890_4,10.16
SWW14306DH910_4,11.42
SWW14306DH930_4,10.16
SWW14306DH950_4,9.79
SWW14306DH970_4,8.82
SWW14306DH980_4,10.45
SWW14306DH990_4,7.93
SWW14314DH10_4,10.75
SWW14314DH110_4,9.71
SWW14314DH120_4,9.41
SWW14314DH130_4,10.9
SWW14314DH140_4,12.01
SWW14314DH150_4,9.93
SWW14314DH160_4,11.49
SWW14314DH170_4,10.82
SWW14314DH20_4,11.42
SWW14314DH210_4,10.6
SWW14314DH220_4,11.64
SWW14314DH230_4,8.82
SWW14314DH240_4,11.05
SWW14314DH250_4,11.34
SWW14314DH260_4,11.27
SWW14314DH270_4,11.27
SWW14314DH280_4,11.71
SWW14314DH290_4,10.82
SWW14314DH30_4,11.27
SWW14314DH300_4,12.08
SWW14314DH310_4,11.71
SWW14314DH320_4,11.93
SWW14314DH340_4,9.71
SWW14314DH350_4,12.16
SWW14314DH360_4,11.42
SWW14314DH370_4,10.45
SWW14314DH530_4,10.3
SWW14314DH580_4,10.01
SWW14314DH600_4,10.82
SWW14314DH620_4,9.04
SWW14314DH640_4,10.9
SWW14314DH650_4,10.75
SWW14314DH660_4,10.01
SWW14314DH680_4,11.64
SWW14314DH690_4,10.82
SWW14314DH70_4,10.38
SWW14314DH700_4,11.12
SWW14314DH720_4,10.53
SWW14314DH80_4,8.97
SWW14314DH90_4,8.97
SWW14315DH10_4,9.86
SWW14315DH100_4,10.9
SWW14315DH110_4,11.05
SWW14315DH120_4,10.08
SWW14315DH130_4,11.12
SWW14315DH140_4,10.01
SWW14315DH150_4,11.34
SWW14315DH160_4,11.79
SWW14315DH180_4,11.27
SWW14315DH190_4,9.56
SWW14315DH20_4,9.79
SWW14315DH200_4,9.19
SWW14315DH210_4,8.08
SWW14315DH220_4,11.42
SWW14315DH230_4,10.01
SWW14315DH240_4,12.23
SWW14315DH250_4,11.05
SWW14315DH260_4,8.82
SWW14315DH270_4,10.82
SWW14315DH290_4,10.23
SWW14315DH30_4,9.27
SWW14315DH300_4,7.56
SWW14315DH310_4,11.79
SWW14315DH320_4,10.3
SWW14315DH330_4,11.49
SWW14315DH340_4,6.38
SWW14315DH360_4,12.23
SWW14315DH370_4,5.34
SWW14315DH380_4,10.53
SWW14315DH390_4,12.01
SWW14315DH40_4,5.71
SWW14315DH400_4,11.05
SWW14315DH420_4,11.49
SWW14315DH50_4,11.42
SWW14315DH60_4,12.45
SWW14315DH70_4,10.38
SWW14315DH80_4,11.12
SWW14315DH90_4,8.6
SWW14339DH10_4,6.45
SWW14339DH150_4,4.89
SWW14339DH20_4,3.71
SWW14339DH230_4,11.19
SWW14339DH30_4,5.78
SWW14339DH320_4,11.12
SWW14339DH390_4,11.05
SWW14339DH40_4,9.64
SWW14339DH420_4,11.56
SWW14339DH460_4,9.93
SWW14339DH480_4,10.82
SWW14339DH500_4,12.23
SWW14339DH510_4,7.26
SWW14339DH690_4,10.97
SWW14339DH740_4,10.97
SWW14339DH760_4,9.56
SWW14339DH800_4,12.01
SWW14339DH830_4,9.19
SWW14339DH840_4,7.71
SWW14339DH860_4,9.12
SWW14339DH870_4,11.05
SWW14339DH880_4,5.41
SWW14339DH920_4,11.79
SWW14378DH10_4,9.93
SWW14378DH110_4,11.34
SWW14378DH140_4,8.01
SWW14378DH150_4,8.97
SWW14378DH160_4,7.49
SWW14378DH170_4,4.82
SWW14378DH20_4,7.93
SWW14378DH200_4,12.53
SWW14378DH230_4,7.34
SWW14378DH240_4,9.04
SWW14378DH250_4,10.82
SWW14378DH270_4,8.75
SWW14378DH320_4,11.27
SWW14378DH330_4,8.52
SWW14378DH350_4,8.08
SWW14378DH370_4,10.97
SWW14378DH40_4,9.93
SWW14378DH400_4,6.3
SWW14378DH420_4,11.93
SWW14378DH480_4,2.89
SWW14378DH50_4,5.71
SWW14378DH500_4,5.86
SWW14378DH530_4,5.19
SWW14378DH570_4,9.27
SWW14378DH60_4,9.71
SWW14378DH80_4,10.45
SWW14378DH90_4,10.01
SWW14456DH10_4,9.71
SWW14456DH100_4,9.93
SWW14456DH130_4,6.67
SWW14456DH140_4,9.64
SWW14456DH170_4,10.97
SWW14456DH180_4,5.41
SWW14456DH200_4,8.52
SWW14456DH210_4,9.19
SWW14456DH230_4,12.08
SWW14456DH250_4,7.34
SWW14456DH270_4,10.3
SWW14456DH280_4,7.41
SWW14456DH300_4,10.75
SWW14456DH330_4,7.19
SWW14456DH340_4,8.23
SWW14456DH370_4,11.05
SWW14456DH420_4,7.64
SWW14456DH440_4,9.56
SWW14456DH450_4,7.26
SWW14456DH460_4,11.34
SWW14456DH500_4,5.19
SWW14456DH520_4,11.12
SWW14456DH540_4,10.38
SWW14456DH550_4,10.67
SWW14456DH570_4,11.49
SWW14456DH60_4,6.23
SWW14456DH600_4,10.16
SWW14456DH610_4,9.12
SWW14456DH620_4,8.75
SWW14456DH640_4,8.9
SWW14456DH700_4,9.93
SWW14456DH90_4,11.56
SWW14457DH10_4,9.86
SWW14457DH150_4,10.08
SWW14457DH160_4,11.42
SWW14457DH190_4,10.6
SWW14457DH20_4,11.05
SWW14457DH230_4,10.6
SWW14457DH240_4,10.53
SWW14457DH290_4,7.26
SWW14457DH300_4,7.64
SWW14457DH320_4,11.12
SWW14457DH330_4,11.05
SWW14457DH360_4,8.52
SWW14457DH380_4,9.64
SWW14457DH390_4,10.3
SWW14457DH400_4,10.08
SWW14457DH420_4,8.82
SWW14457DH430_4,9.34
SWW14457DH440_4,8.97
SWW14457DH470_4,10.82
SWW14457DH490_4,12.16
SWW14457DH50_4,9.56
SWW14457DH500_4,10.45
SWW14457DH520_4,10.23
SWW14457DH530_4,8.75
SWW14457DH570_4,8.23
SWW14457DH600_4,6.89
SWW14457DH640_4,8.75
SWW14457DH650_4,9.27
SWW14457DH660_4,8.75
SWW14457DH80_4,9.93
SWW14459DH100_4,9.86
SWW14459DH130_4,10.9
SWW14459DH160_4,11.42
SWW14459DH180_4,11.42
SWW14459DH190_4,11.93
SWW14459DH40_4,11.19
SWW14459DH50_4,10.23
SWW14459DH60_4,11.56
SWW14459DH80_4,11.34
SWW14460DH10_4,11.42
SWW14460DH100_4,9.86
SWW14460DH120_4,10.6
SWW14460DH130_4,10.23
SWW14460DH140_4,11.19
SWW14460DH160_4,10.16
SWW14460DH170_4,11.64
SWW14460DH180_4,11.42
SWW14460DH210_4,10.53
SWW14460DH220_4,10.01
SWW14460DH230_4,10.16
SWW14460DH240_4,10.45
SWW14460DH250_4,10.97
SWW14460DH260_4,11.42
SWW14460DH270_4,10.45
SWW14460DH290_4,10.9
SWW14460DH30_4,10.16
SWW14460DH310_4,11.05
SWW14460DH320_4,11.34
SWW14460DH330_4,11.19
SWW14460DH350_4,11.05
SWW14460DH360_4,11.12
SWW14460DH40_4,10.97
SWW14460DH50_4,10.6
SWW14460DH90_4,9.27
SWW14462DH10_4,9.93
SWW14462DH110_4,10.67
SWW14462DH120_4,7.78
SWW14462DH130_4,10.16
SWW14462DH140_4,7.12
SWW14462DH150_4,10.6
SWW14462DH160_4,10.01
SWW14462DH170_4,10.9
SWW14462DH180_4,10.53
SWW14462DH190_4,10.45
SWW14462DH20_4,5.71
SWW14462DH200_4,9.41
SWW14462DH210_4,10.3
SWW14462DH220_4,7.49
SWW14462DH230_4,10.75
SWW14462DH240_4,10.53
SWW14462DH250_4,10.9
SWW14462DH260_4,10.3
SWW14462DH270_4,7.86
SWW14462DH280_4,5.11
SWW14462DH290_4,10.97
SWW14462DH30_4,11.71
SWW14462DH300_4,10.01
SWW14462DH310_4,11.19
SWW14462DH320_4,4
SWW14462DH330_4,9.12
SWW14462DH340_4,7.64
SWW14462DH350_4,5.04
SWW14462DH360_4,10.01
SWW14462DH370_4,11.27
SWW14462DH380_4,11.05
SWW14462DH40_4,10.6
SWW14462DH400_4,10.16
SWW14462DH430_4,9.64
SWW14462DH50_4,10.75
SWW14462DH60_4,10.6
SWW14462DH70_4,10.23
SWW14462DH80_4,11.12
SWW14462DH90_4,10.75
SWW14463DH10_4,10.01
SWW14463DH120_4,7.78
SWW14463DH190_4,8.67
SWW14463DH200_4,9.27
SWW14478DH110_4,10.38
SWW14478DH190_4,10.08
SWW14478DH230_4,10.45
SWW14478DH240_4,10.16
SWW14478DH250_4,10.23
SWW14478DH270_4,10.53
SWW14478DH310_4,9.27
SWW14478DH70_4,8.08
SWW14479DH100_4,9.56
SWW14479DH110_4,8.75
SWW14479DH120_4,11.19
SWW14479DH130_4,10.38
SWW14479DH140_4,5.41
SWW14479DH180_4,9.34
SWW14479DH40_4,9.27
SWW14479DH50_4,11.19
SWW14479DH60_4,10.23
SWW14479DH90_4,9.56
SWW14496DH10_4,9.86
SWW14496DH100_4,10.82
SWW14496DH110_4,11.12
SWW14496DH120_4,9.79
SWW14496DH130_4,6
SWW14496DH140_4,9.34
SWW14496DH150_4,11.49
SWW14496DH160_4,8.08
SWW14496DH170_4,11.19
SWW14496DH180_4,4.08
SWW14496DH190_4,10.3
SWW14496DH20_4,9.71
SWW14496DH200_4,10.08
SWW14496DH210_4,9.19
SWW14496DH220_4,6.82
SWW14496DH230_4,11.93
SWW14496DH240_4,9.93
SWW14496DH250_4,10.16
SWW14496DH260_4,11.56
SWW14496DH270_4,11.19
SWW14496DH280_4,6.75
SWW14496DH290_4,11.05
SWW14496DH30_4,7.86
SWW14496DH300_4,10.67
SWW14496DH310_4,12.08
SWW14496DH320_4,10.6
SWW14496DH330_4,10.75
SWW14496DH340_4,10.53
SWW14496DH350_4,10.9
SWW14496DH360_4,11.93
SWW14496DH390_4,8.75
SWW14496DH410_4,12.01
SWW14496DH420_4,12.16
SWW14496DH430_4,11.79
SWW14496DH440_4,5.04
SWW14496DH450_4,10.53
SWW14496DH460_4,10.08
SWW14496DH470_4,12.31
SWW14496DH490_4,12.6
SWW14496DH50_4,8.6
SWW14496DH500_4,11.79
SWW14496DH510_4,9.49
SWW14496DH520_4,10.01
SWW14496DH530_4,9.64
SWW14496DH550_4,6.08
SWW14496DH60_4,10.08
SWW14496DH70_4,9.56
SWW14496DH90_4,10.9
SWW14497DH110_4,8.75
SWW14497DH120_4,10.16
SWW14497DH130_4,2.22
SWW14497DH140_4,5.63
SWW14497DH150_4,9.34
SWW14497DH160_4,9.27
SWW14497DH170_4,10.08
SWW14497DH190_4,8.45
SWW14497DH200_4,6.67
SWW14497DH210_4,9.86
SWW14497DH230_4,7.34
SWW14497DH240_4,9.34
SWW14497DH250_4,10.16
SWW14497DH260_4,10.75
SWW14497DH270_4,9.71
SWW14497DH290_4,6.89
SWW14497DH30_4,9.12
SWW14497DH300_4,11.34
SWW14497DH330_4,9.04
SWW14497DH340_4,5.78
SWW14497DH350_4,9.41
SWW14497DH370_4,8.97
SWW14497DH380_4,10.01
SWW14497DH390_4,8.75
SWW14497DH400_4,7.64
SWW14497DH410_4,10.45
SWW14497DH60_4,4.74
SWW14497DH90_4,10.82
SWW14498DH10_4,8.52
SWW14498DH100_4,8.45
SWW14498DH110_4,9.04
SWW14498DH120_4,7.78
SWW14498DH140_4,8.9
SWW14498DH180_4,7.93
SWW14498DH190_4,7.93
SWW14498DH20_4,11.42
SWW14498DH200_4,8.82
SWW14498DH230_4,9.71
SWW14498DH240_4,7.64
SWW14498DH250_4,7.26
SWW14498DH260_4,8.38
SWW14498DH270_4,10.23
SWW14498DH290_4,9.79
SWW14498DH30_4,9.27
SWW14498DH300_4,7.71
SWW14498DH310_4,5.86
SWW14498DH320_4,10.23
SWW14498DH330_4,6.3
SWW14498DH340_4,4.23
SWW14498DH350_4,10.01
SWW14498DH360_4,6
SWW14498DH370_4,5.19
SWW14498DH380_4,5.26
SWW14498DH390_4,10.75
SWW14498DH40_4,7.41
SWW14498DH400_4,5.71
SWW14498DH410_4,9.79
SWW14498DH420_4,6.15
SWW14498DH430_4,6.89
SWW14498DH450_4,7.56
SWW14498DH460_4,11.34
SWW14498DH470_4,11.42
SWW14498DH480_4,10.53
SWW14498DH490_4,11.56
SWW14498DH50_4,8.82
SWW14498DH510_4,8.38
SWW14498DH520_4,8.08
SWW14498DH530_4,8.23
SWW14498DH540_4,8.6
SWW14498DH550_4,8.67
SWW14498DH560_4,7.78
SWW14498DH570_4,11.64
SWW14498DH580_4,8.45
SWW14498DH590_4,7.64
SWW14498DH60_4,8.6
SWW14498DH600_4,8.15
SWW14498DH610_4,6.97
SWW14498DH620_4,8.3
SWW14498DH630_4,8.75
SWW14498DH640_4,11.05
SWW14498DH650_4,10.53
SWW14498DH660_4,6.89
SWW14498DH670_4,6.38
SWW14498DH680_4,8.82
SWW14498DH690_4,7.26
SWW14498DH70_4,10.01
SWW14498DH710_4,6.75
SWW14498DH720_4,7.34
SWW14498DH740_4,7.04
SWW14498DH750_4,7.26
SWW14498DH760_4,10.82
SWW14498DH770_4,6.38
SWW14498DH780_4,7.04
SWW14498DH790_4,7.26
SWW14498DH80_4,8.97
SWW14498DH800_4,7.12
SWW14498DH810_4,8.38
SWW14498DH820_4,8.38
SWW14498DH830_4,10.23
SWW14498DH840_4,9.12
SWW14498DH860_4,6.52
SWW14498DH870_4,7.04
SWW14498DH880_4,8.75
SWW14498DH90_4,8.45
